ckpt,backbone,img_size,N,avg_ms,fps,MAE_g,RMSE_g,MAE_pct,Acc@5%,Acc@10%
ckpt_feedg_roi_fromtxt__effv2s__224__e80__bs32__lr3e-4__seed42.pt,tf_efficientnetv2_s,224,81,12.81712378984616,78.02062431449784,13.22970483097029,42.84706610417225,2.8940288973985493,88.88888888888889,95.06172839506173
ckpt_feedg_roi_fromtxt__mobilenetv3_l__224__e80__bs64__lr3e-4__seed42.pt,mobilenetv3_large_100,224,81,5.6593123777413075,176.69991215418838,19.227061029128087,48.92889793195392,4.316396639884148,81.48148148148148,90.12345679012346
ckpt_feedg_roi_fromtxt__resnet18__224__e80__bs32__lr3e-4__seed42.pt,resnet18,224,81,3.4270934116693192,291.7924549692695,21.33940472073025,47.487855796997074,4.960558619068848,70.37037037037037,86.41975308641975
ckpt_feedg_roi_fromtxt__mobilenetv4_hybrid_medium__224__e80__bs64__lr3e-4__seed42.pt,mobilenetv4_hybrid_medium,224,81,11.533289779851467,86.70552973939745,23.096716459297838,49.95341731037244,5.0710284508128005,72.8395061728395,85.18518518518519
ckpt_feedg_roi_fromtxt__maxvit_tiny_rw_224__224__e80__bs16__lr2e-4__seed42.pt,maxvit_tiny_rw_224,224,81,14.892872468924818,67.14621387422613,30.76056194540895,61.39128861401713,7.190407186865114,54.32098765432099,85.18518518518519
ckpt_feedg_roi_fromtxt__dinov2_small__518__e60__bs4__lr2e-4__seed42.pt,vit_small_patch14_dinov2,518,81,10.635034537609712,94.02884367357738,124.4716049382716,141.5231682817122,29.095746829890512,9.876543209876543,14.814814814814813
ckpt_feedg_roi_fromtxt__swin_tiny__224__e80__bs16__lr3e-4__seed42.pt,swin_tiny_patch4_window7_224,224,81,8.232720104264624,121.46653685966936,129.11975308641973,146.2265349435763,30.18227047368391,8.641975308641975,8.641975308641975
ckpt_feedg_roi_fromtxt__convnextv2_tiny__224__e80__bs32__lr3e-4__seed42.pt,convnextv2_tiny,224,81,9.046990194438417,110.53399843571667,129.1506172839506,146.23546799174758,30.189485106112812,8.641975308641975,8.641975308641975
