{
    "frame_index": {
        "min": [
            0
        ],
        "max": [
            1933
        ],
        "mean": [
            308.50241734400447
        ],
        "std": [
            222.8337930852314
        ],
        "count": [
            256273
        ],
        "q01": [
            5.652267147826094
        ],
        "q10": [
            61.24103787343752
        ],
        "q50": [
            308.2664563898654
        ],
        "q90": [
            555.6507355868962
        ],
        "q99": [
            611.3386538616604
        ]
    },
    "action": {
        "min": [
            -42.269554138183594,
            -100.0,
            -79.63800811767578,
            -99.65972137451172,
            -20.58608055114746,
            0.4878048896789551
        ],
        "max": [
            35.4388542175293,
            100.0,
            100.0,
            99.57464599609375,
            43.003662109375,
            75.77235412597656
        ],
        "mean": [
            -1.2446618271482852,
            14.38217963220809,
            47.37138724450626,
            -8.895203660896067,
            2.5586462784249755,
            13.527897056659667
        ],
        "std": [
            12.986798562886388,
            49.88489745472757,
            46.12970745476967,
            67.32878642877432,
            4.216802089289671,
            16.031055020048367
        ],
        "count": [
            256273
        ],
        "q01": [
            -11.071218925992838,
            -62.13586832150329,
            -10.882116866004923,
            -70.3097379079578,
            -2.928709027632249,
            3.6916277355032823
        ],
        "q10": [
            -9.709637846113294,
            -53.95565705455914,
            -6.604781839658065,
            -62.89423661606769,
            -0.3625894180720806,
            4.362429879199452
        ],
        "q50": [
            -2.0209093286948776,
            21.700347881443907,
            48.96121279503494,
            -20.24842324615807,
            2.43099051775304,
            11.061973055730546
        ],
        "q90": [
            7.610728781378289,
            62.50096863319601,
            96.68602178807744,
            66.55558650222613,
            5.701041326978064,
            24.437354206751937
        ],
        "q99": [
            8.729956284702398,
            65.80751820551477,
            99.16364394453412,
            75.32392788256648,
            9.604002977788873,
            29.06860634887251
        ]
    },
    "observation.state": {
        "min": [
            -40.36390686035156,
            -100.0,
            -76.5079345703125,
            -99.65826416015625,
            -19.951160430908203,
            0.0
        ],
        "max": [
            34.64537811279297,
            99.74478912353516,
            99.90929412841797,
            98.37676239013672,
            41.098899841308594,
            74.1192398071289
        ],
        "mean": [
            -1.3003139614566241,
            15.477011048412875,
            48.183084436783155,
            -8.274456277866625,
            2.5122911431566575,
            19.493598423760194
        ],
        "std": [
            12.817821547359296,
            49.86068178974691,
            45.288910943801056,
            66.88201190858568,
            4.077668891735578,
            12.499547006981924
        ],
        "count": [
            256273
        ],
        "q01": [
            -10.141121501641344,
            -60.84804807597974,
            -8.65920467909186,
            -68.48281676319986,
            -2.5556140954477016,
            8.325069418735612
        ],
        "q10": [
            -9.310017087390223,
            -53.80367996833887,
            -4.890293977838368,
            -62.31573730612597,
            -0.2311245702830219,
            8.976499221511716
        ],
        "q50": [
            -2.129462141205419,
            22.890993914545458,
            49.60205909968019,
            -19.533801904556135,
            2.386064310649096,
            18.425039742646845
        ],
        "q90": [
            7.098421331214735,
            63.32406458331684,
            96.72484685216624,
            67.16224334723852,
            5.4618982980704525,
            28.93832006012125
        ],
        "q99": [
            7.743283830069382,
            66.0035957218414,
            98.74192888358033,
            74.57504492239754,
            9.132515085376461,
            32.59882027923199
        ]
    },
    "episode_index": {
        "min": [
            0
        ],
        "max": [
            461
        ],
        "mean": [
            229.91532857538652
        ],
        "std": [
            137.7266213125151
        ],
        "count": [
            256273
        ],
        "q01": [
            229.91532857538652
        ],
        "q10": [
            229.91532857538652
        ],
        "q50": [
            229.91532857538652
        ],
        "q90": [
            229.91532857538652
        ],
        "q99": [
            229.91532857538652
        ]
    },
    "task_index": {
        "min": [
            0
        ],
        "max": [
            8
        ],
        "mean": [
            4.20225696815505
        ],
        "std": [
            2.8923913632099976
        ],
        "count": [
            256273
        ],
        "q01": [
            4.20225696815505
        ],
        "q10": [
            4.20225696815505
        ],
        "q50": [
            4.2022569681550594
        ],
        "q90": [
            4.202256968155077
        ],
        "q99": [
            4.202256968155077
        ]
    },
    "observation.images.wrist": {
        "min": [
            [
                [
                    0.0
                ]
            ],
            [
                [
                    0.0
                ]
            ],
            [
                [
                    0.0
                ]
            ]
        ],
        "max": [
            [
                [
                    1.0
                ]
            ],
            [
                [
                    1.0
                ]
            ],
            [
                [
                    1.0
                ]
            ]
        ],
        "mean": [
            [
                [
                    0.5209787431041684
                ]
            ],
            [
                [
                    0.5137090990245153
                ]
            ],
            [
                [
                    0.5183112844502598
                ]
            ]
        ],
        "std": [
            [
                [
                    0.03608874405157752
                ]
            ],
            [
                [
                    0.03503041752272972
                ]
            ],
            [
                [
                    0.03621714114960699
                ]
            ]
        ],
        "count": [
            53998
        ],
        "q01": [
            [
                [
                    0.17294120315218978
                ]
            ],
            [
                [
                    0.15313033714545518
                ]
            ],
            [
                [
                    0.16058049064506447
                ]
            ]
        ],
        "q10": [
            [
                [
                    0.31147290622952173
                ]
            ],
            [
                [
                    0.2939834505461688
                ]
            ],
            [
                [
                    0.29597995055834747
                ]
            ]
        ],