bucket,MAE_pct,Acc@5,Acc@10,N
0-20%,0.09443883394044446,100.0,100.0,18
20-50%,2.8322595254791945,93.75,93.75,16
50-100%,3.987240197248667,82.97872340425532,93.61702127659575,47
