{
    "frame_index": {
        "min": [
            0
        ],
        "max": [
            2098
        ],
        "mean": [
            706.3078210954317
        ],
        "std": [
            571.9498309683831
        ],
        "count": [
            4181
        ],
        "q01": [
            13.416601961155159
        ],
        "q10": [
            140.72885788080964
        ],
        "q50": [
            706.3189268596029
        ],
        "q90": [
            1271.8867843100536
        ],
        "q99": [
            1399.1990402297083
        ]
    },
    "observation.state": {
        "min": [
            -39.101375579833984,
            -100.0,
            -44.58049774169922,
            -88.63733673095703,
            -15.213675498962402,
            0.06775067746639252
        ],
        "max": [
            33.75417709350586,
            99.48957824707031,
            99.18367004394531,
            96.6680908203125,
            65.9096450805664,
            76.21951293945312
        ],
        "mean": [
            1.8481184377770936,
            19.878783819293954,
            41.939399392603114,
            -3.2506559646121054,
            3.626045323717654,
            25.77319069611231
        ],
        "std": [
            15.353651516281051,
            52.318044771345804,
            40.41573798975792,
            65.21433271619212,
            10.112784303602707,
            20.7211751734822
        ],
        "count": [
            4181
        ],
        "q01": [
            -22.890295682551056,
            -88.02911276373673,
            -16.82886742827026,
            -77.30344969396583,
            -1.2704261667188874,
            4.462072340656555
        ],
        "q10": [
            -16.93080824753694,
            -51.04752687590145,
            -2.144561142335238,
            -65.17455457587752,
            -0.5643709201957945,
            5.011735507506494
        ],
        "q50": [
            -0.1225765439362388,
            27.985154594026422,
            40.81941005995329,
            -2.0490830611241977,
            2.013517556754422,
            19.94300290223223
        ],
        "q90": [
            15.658480019573581,
            72.21492269075048,
            94.69238748840637,
            62.658733585577096,
            10.102585436457344,
            53.674393459956
        ],
        "q99": [
            17.48181841036696,
            75.81388499672087,
            98.98143830211987,
            67.14016849605008,
            14.881687598088346,
            53.68088964155407
        ]
    },
    "index": {
        "min": [
            0
        ],
        "max": [
            4180
        ],
        "mean": [
            2090.0
        ],
        "std": [
            1206.9507032186525
        ],
        "count": [
            4181
        ],
        "q01": [
            1397.1087808657235
        ],
        "q10": [
            1524.4210367853777
        ],
        "q50": [
            2090.043152738579
        ],
        "q90": [
            2655.578963214622
        ],
        "q99": [
            2782.891219134276
        ]
    },
    "timestamp": {
        "min": [
            0.0
        ],
        "max": [
            69.93333333333334
        ],
        "mean": [
            23.54359403651439
        ],
        "std": [
            19.064994365612772
        ],
        "count": [
            4181
        ],
        "q01": [
            0.4472200652769803
        ],
        "q10": [
            4.690961929282882
        ],
        "q50": [
            23.545032461133694
        ],
        "q90": [
            42.396226143745906
        ],
        "q99": [
            46.6399680077518
        ]
    },
    "task_index": {
        "min": [
            0
        ],
        "max": [
            3
        ],
        "mean": [
            2.0167424061229373
        ],
        "std": [
            1.163384208029249
        ],
        "count": [
            4181
        ],
        "q01": [
            2.0167424061229373
        ],
        "q10": [
            2.016742406122941
        ],
        "q50": [
            2.0167424061229573
        ],
        "q90": [
            2.0167424061229733
        ],
        "q99": [
            2.016742406122977
        ]
    },
    "action": {
        "min": [
            -42.19610595703125,
            -100.0,
            -47.23981857299805,
            -87.0693359375,
            -16.288156509399414,
            0.7317073345184326
        ],
        "max": [
            35.73264694213867,
            99.91485595703125,
            99.90950012207031,
            99.3194351196289,
            66.34920501708984,
            76.66666412353516
        ],
        "mean": [
            1.9093201723937867,
            18.794217921478044,
            41.11040067592896,
            -3.5088575317995936,
            3.6666784542680673,
            21.512552921237685
        ],
        "std": [
            15.489776179436083,
            52.4207905591382,
            41.182236512868236,
            65.27138870960185,
            10.16119984286747,
            23.679080094041563
        ],
        "count": [
            4181
        ],
        "q01": [
            -24.132105868948287,
            -88.7640497247285,
            -18.58123089761797,
            -78.2603391582833,
            -1.6234375658333373,
            3.903905275032109
        ],
        "q10": [
            -16.810577271334495,
            -52.33654034474624,
            -3.497014922909043,
            -65.59787753859938,
            -0.6502476591773331,
            3.9715453612369216
        ],
        "q50": [
            -0.09172914853177577,
            26.409593278471934,
            39.93877604117398,
            -2.493002874421318,
            2.185078919214143,
            13.9415726645515
        ],
        "q90": [
            16.791445343819692,
            71.32600099218574,
            94.59592615213367,
            61.827286652937765,
            10.299157232796057,
            53.55746054940751
        ],
        "q99": [
            18.614209448381974,
            75.82471137903657,
            99.51357164468544,
            67.85811692678473,
            15.530355541895482,
            54.08294738159391
        ]
    },
    "episode_index": {
        "min": [
            0
        ],
        "max": [
            3
        ],
        "mean": [
            2.0167424061229373
        ],
        "std": [
            1.163384208029249
        ],
        "count": [
            4181
        ],
        "q01": [
            2.0167424061229373
        ],
        "q10": [
            2.016742406122941
        ],
        "q50": [
            2.0167424061229573
        ],
        "q90": [
            2.0167424061229733
        ],
        "q99": [
            2.016742406122977
        ]
    }
}